{
  "project_info": {
    "project_number": "344297614997",
    "project_id": "project-7ccf3",
    "storage_bucket": "project-7ccf3.appspot.com"
  },
  "client": [
    {
      "client_info": {
        "mobilesdk_app_id": "1:344297614997:android:67b0636ac637fb7b78f59c",
        "android_client_info": {
          "package_name": "com.example.furniture_project"
        }
      },
      "oauth_client": [],
      "api_key": [
        {
          "current_key": "AIzaSyBFWuoKgvE_YS07SSB-3UiZ1SbyAzsjabk"
        }
      ],
      "services": {
        "appinvite_service": {
          "other_platform_oauth_client": []
        }
      }
    }
  ],
  "configuration_version": "1"
}